INSERT INTO users (id, name, email, password_hash, phone, job_title, status, company_id, store_id, created_at, updated_at)
VALUES
    ('00000000-0000-0000-0000-000000000012', 'Bruno Lima', 'bruno@eai.com', '$2a$10$rittMsrhSOzttZy/ST1Pz.AEC1YrNnxA7MaGVS2JApfL871P.yn/6', '11990000012', 'Vendedor', 'ACTIVE', '00000000-0000-0000-0000-000000000101', '00000000-0000-0000-0000-000000000201', CURRENT_TIMESTAMP, CURRENT_TIMESTAMP),
    ('00000000-0000-0000-0000-000000000013', 'Carla Mendes', 'carla@eai.com', '$2a$10$rittMsrhSOzttZy/ST1Pz.AEC1YrNnxA7MaGVS2JApfL871P.yn/6', '11990000013', 'Vendedora', 'ACTIVE', '00000000-0000-0000-0000-000000000101', '00000000-0000-0000-0000-000000000201', CURRENT_TIMESTAMP, CURRENT_TIMESTAMP);

INSERT INTO user_roles (user_id, role)
VALUES
    ('00000000-0000-0000-0000-000000000012', 'SELLER'),
    ('00000000-0000-0000-0000-000000000013', 'SELLER');

INSERT INTO message_templates (id, company_id, store_id, name, type, content, active, created_at, updated_at)
VALUES
    ('00000000-0000-0000-0000-000000000301', '00000000-0000-0000-0000-000000000101', '00000000-0000-0000-0000-000000000201', 'primeiro_contato', 'FIRST_CONTACT', 'Ola {cliente}, tudo bem? Aqui e {vendedor} da {loja}. Recebemos seu interesse no {veiculo}. Posso te ajudar com mais detalhes?', TRUE, CURRENT_TIMESTAMP, CURRENT_TIMESTAMP),
    ('00000000-0000-0000-0000-000000000302', '00000000-0000-0000-0000-000000000101', '00000000-0000-0000-0000-000000000201', 'follow_up_negociacao', 'FOLLOW_UP', 'Ola {cliente}, passando para saber se ficou alguma duvida sobre o {veiculo} e se podemos avancar na proposta.', FALSE, CURRENT_TIMESTAMP, CURRENT_TIMESTAMP),
    ('00000000-0000-0000-0000-000000000303', '00000000-0000-0000-0000-000000000101', '00000000-0000-0000-0000-000000000201', 'convite_visita', 'VISIT_INVITE', 'Ola {cliente}, podemos reservar um horario para voce conhecer o {veiculo} em nossa loja?', FALSE, CURRENT_TIMESTAMP, CURRENT_TIMESTAMP),
    ('00000000-0000-0000-0000-000000000304', '00000000-0000-0000-0000-000000000101', '00000000-0000-0000-0000-000000000201', 'envio_proposta', 'PROPOSAL', 'Ola {cliente}, preparei uma proposta para o {veiculo}. Posso te enviar os detalhes por aqui?', FALSE, CURRENT_TIMESTAMP, CURRENT_TIMESTAMP);

INSERT INTO lead_distribution_config (id, company_id, store_id, mode, active)
VALUES ('00000000-0000-0000-0000-000000000401', '00000000-0000-0000-0000-000000000101', '00000000-0000-0000-0000-000000000201', 'MANUAL', TRUE);

INSERT INTO lead_sla_policy (id, company_id, store_id, minutes_to_assign, minutes_to_first_contact, active)
VALUES ('00000000-0000-0000-0000-000000000402', '00000000-0000-0000-0000-000000000101', '00000000-0000-0000-0000-000000000201', 15, 30, TRUE);

INSERT INTO email_accounts (id, company_id, store_id, name, host, port, username, encrypted_password, protocol, use_ssl, active, last_read_at, created_at, updated_at, last_sync_status, last_sync_message, last_sync_at)
VALUES ('00000000-0000-0000-0000-000000000701', '00000000-0000-0000-0000-000000000101', '00000000-0000-0000-0000-000000000201', 'Leads IMAP Exemplo', 'imap.example.com', 993, 'leads@example.com', 'c2VjcmV0', 'IMAP', TRUE, FALSE, NULL, CURRENT_TIMESTAMP, CURRENT_TIMESTAMP, 'NEVER_SYNCED', 'Conta de demonstracao inativa para ambiente local.', NULL);

INSERT INTO leads (id, company_id, store_id, customer_name, customer_phone, customer_email, customer_city, vehicle_interest, source, original_message, status, assigned_to_user_id, assigned_at, created_at, updated_at, first_contact_at, last_contact_at, lost_reason, sale_value)
VALUES
    ('00000000-0000-0000-0000-000000000501', '00000000-0000-0000-0000-000000000101', '00000000-0000-0000-0000-000000000201', 'Mariana Alves', '+5511988880001', 'mariana.alves@example.com', 'Sao Paulo', 'Honda Civic Touring 2021', 'WEBSITE', 'Tenho interesse no Civic anunciado no site.', 'NEW', NULL, NULL, CURRENT_TIMESTAMP - INTERVAL '4' HOUR, CURRENT_TIMESTAMP - INTERVAL '4' HOUR, NULL, NULL, NULL, NULL),
    ('00000000-0000-0000-0000-000000000502', '00000000-0000-0000-0000-000000000101', '00000000-0000-0000-0000-000000000201', 'Rafael Costa', '+5511988880002', 'rafael.costa@example.com', 'Osasco', 'Toyota Corolla XEi 2020', 'MANUAL', 'Cliente entrou na loja e pediu retorno por telefone.', 'NEW', NULL, NULL, CURRENT_TIMESTAMP - INTERVAL '3' HOUR, CURRENT_TIMESTAMP - INTERVAL '3' HOUR, NULL, NULL, NULL, NULL),
    ('00000000-0000-0000-0000-000000000503', '00000000-0000-0000-0000-000000000101', '00000000-0000-0000-0000-000000000201', 'Bianca Rocha', '+5511988880003', 'bianca.rocha@example.com', 'Guarulhos', 'Jeep Compass Longitude 2022', 'INSTAGRAM', 'Mensagem recebida pelo Instagram solicitando simulacao.', 'FIRST_CONTACT', '00000000-0000-0000-0000-000000000011', CURRENT_TIMESTAMP - INTERVAL '2' HOUR, CURRENT_TIMESTAMP - INTERVAL '3' HOUR, CURRENT_TIMESTAMP - INTERVAL '2' HOUR, CURRENT_TIMESTAMP - INTERVAL '2' HOUR, CURRENT_TIMESTAMP - INTERVAL '2' HOUR, NULL, NULL),
    ('00000000-0000-0000-0000-000000000504', '00000000-0000-0000-0000-000000000101', '00000000-0000-0000-0000-000000000201', 'Carlos Henrique', '+5511988880004', 'carlos.henrique@example.com', 'Santo Andre', 'Chevrolet Onix Premier 2023', 'FACEBOOK', 'Lead capturado em campanha do Facebook.', 'FIRST_CONTACT', '00000000-0000-0000-0000-000000000012', CURRENT_TIMESTAMP - INTERVAL '5' HOUR, CURRENT_TIMESTAMP - INTERVAL '6' HOUR, CURRENT_TIMESTAMP - INTERVAL '4' HOUR, CURRENT_TIMESTAMP - INTERVAL '4' HOUR, CURRENT_TIMESTAMP - INTERVAL '4' HOUR, NULL, NULL),
    ('00000000-0000-0000-0000-000000000505', '00000000-0000-0000-0000-000000000101', '00000000-0000-0000-0000-000000000201', 'Fernanda Lima', '+5511988880005', 'fernanda.lima@example.com', 'Sao Bernardo do Campo', 'Hyundai HB20 Comfort 2022', 'WEBMOTORS', 'Solicitou avaliacao com troca usada.', 'IN_NEGOTIATION', '00000000-0000-0000-0000-000000000011', CURRENT_TIMESTAMP - INTERVAL '1' DAY, CURRENT_TIMESTAMP - INTERVAL '1' DAY, CURRENT_TIMESTAMP - INTERVAL '2' HOUR, CURRENT_TIMESTAMP - INTERVAL '20' HOUR, CURRENT_TIMESTAMP - INTERVAL '2' HOUR, NULL, NULL),
    ('00000000-0000-0000-0000-000000000506', '00000000-0000-0000-0000-000000000101', '00000000-0000-0000-0000-000000000201', 'Paulo Martins', '+5511988880006', 'paulo.martins@example.com', 'Barueri', 'Fiat Toro Volcano 2021', 'ICARROS', 'Cliente quer agendar visita no sabado.', 'VISIT_SCHEDULED', '00000000-0000-0000-0000-000000000013', CURRENT_TIMESTAMP - INTERVAL '2' DAY, CURRENT_TIMESTAMP - INTERVAL '2' DAY, CURRENT_TIMESTAMP - INTERVAL '3' HOUR, CURRENT_TIMESTAMP - INTERVAL '1' DAY, CURRENT_TIMESTAMP - INTERVAL '3' HOUR, NULL, NULL),
    ('00000000-0000-0000-0000-000000000507', '00000000-0000-0000-0000-000000000101', '00000000-0000-0000-0000-000000000201', 'Juliana Nunes', '+5511988880007', 'juliana.nunes@example.com', 'Sao Caetano do Sul', 'Nissan Kicks Advance 2023', 'OLX', 'Pediu proposta com financiamento em 48 meses.', 'PROPOSAL_SENT', '00000000-0000-0000-0000-000000000012', CURRENT_TIMESTAMP - INTERVAL '3' DAY, CURRENT_TIMESTAMP - INTERVAL '3' DAY, CURRENT_TIMESTAMP - INTERVAL '1' DAY, CURRENT_TIMESTAMP - INTERVAL '3' DAY, CURRENT_TIMESTAMP - INTERVAL '1' DAY, NULL, NULL),
    ('00000000-0000-0000-0000-000000000508', '00000000-0000-0000-0000-000000000101', '00000000-0000-0000-0000-000000000201', 'Eduardo Ramos', '+5511988880008', 'eduardo.ramos@example.com', 'Sao Paulo', 'Volkswagen T-Cross Highline 2022', 'WEBSITE', 'Lead convertido a partir do site.', 'SOLD', '00000000-0000-0000-0000-000000000011', CURRENT_TIMESTAMP - INTERVAL '6' DAY, CURRENT_TIMESTAMP - INTERVAL '7' DAY, CURRENT_TIMESTAMP - INTERVAL '1' DAY, CURRENT_TIMESTAMP - INTERVAL '6' DAY, CURRENT_TIMESTAMP - INTERVAL '1' DAY, NULL, 128900.00),
    ('00000000-0000-0000-0000-000000000509', '00000000-0000-0000-0000-000000000101', '00000000-0000-0000-0000-000000000201', 'Patricia Gomes', '+5511988880009', 'patricia.gomes@example.com', 'Cotia', 'Renault Duster Iconic 2020', 'EMAIL', 'E-mail importado solicitando desconto.', 'LOST', '00000000-0000-0000-0000-000000000013', CURRENT_TIMESTAMP - INTERVAL '7' DAY, CURRENT_TIMESTAMP - INTERVAL '7' DAY, CURRENT_TIMESTAMP - INTERVAL '2' DAY, CURRENT_TIMESTAMP - INTERVAL '7' DAY, CURRENT_TIMESTAMP - INTERVAL '2' DAY, 'Cliente comprou em outra loja.', NULL),
    ('00000000-0000-0000-0000-000000000510', '00000000-0000-0000-0000-000000000101', '00000000-0000-0000-0000-000000000201', 'Lucas Pereira', '+5511988880001', 'lucas.pereira@example.com', 'Sao Paulo', 'Honda Civic Touring 2021', 'EMAIL', 'Mensagem duplicada com telefone ja existente.', 'DUPLICATED', NULL, NULL, CURRENT_TIMESTAMP - INTERVAL '1' HOUR, CURRENT_TIMESTAMP - INTERVAL '1' HOUR, NULL, NULL, NULL, NULL);

INSERT INTO lead_history (id, lead_id, user_id, previous_status, new_status, description, created_at)
VALUES
    ('00000000-0000-0000-0000-000000000801', '00000000-0000-0000-0000-000000000501', NULL, NULL, 'NEW', 'Lead recebido pelo site.', CURRENT_TIMESTAMP - INTERVAL '4' HOUR),
    ('00000000-0000-0000-0000-000000000802', '00000000-0000-0000-0000-000000000502', '00000000-0000-0000-0000-000000000001', NULL, 'AVAILABLE', 'Lead cadastrado pelo sistema.', CURRENT_TIMESTAMP - INTERVAL '3' HOUR),
    ('00000000-0000-0000-0000-000000000803', '00000000-0000-0000-0000-000000000503', NULL, NULL, 'NEW', 'Lead recebido pelo Instagram.', CURRENT_TIMESTAMP - INTERVAL '3' HOUR),
    ('00000000-0000-0000-0000-000000000804', '00000000-0000-0000-0000-000000000503', '00000000-0000-0000-0000-000000000011', 'NEW', 'FIRST_CONTACT', 'Primeiro contato realizado por Ana Souza.', CURRENT_TIMESTAMP - INTERVAL '2' HOUR),
    ('00000000-0000-0000-0000-000000000805', '00000000-0000-0000-0000-000000000504', NULL, NULL, 'NEW', 'Lead recebido por campanha.', CURRENT_TIMESTAMP - INTERVAL '6' HOUR),
    ('00000000-0000-0000-0000-000000000806', '00000000-0000-0000-0000-000000000504', '00000000-0000-0000-0000-000000000012', 'ASSIGNED', 'FIRST_CONTACT', 'Primeiro contato realizado por WhatsApp.', CURRENT_TIMESTAMP - INTERVAL '4' HOUR),
    ('00000000-0000-0000-0000-000000000807', '00000000-0000-0000-0000-000000000505', '00000000-0000-0000-0000-000000000011', 'FIRST_CONTACT', 'IN_NEGOTIATION', 'Cliente enviou dados para simulacao.', CURRENT_TIMESTAMP - INTERVAL '2' HOUR),
    ('00000000-0000-0000-0000-000000000808', '00000000-0000-0000-0000-000000000506', '00000000-0000-0000-0000-000000000013', 'IN_NEGOTIATION', 'VISIT_SCHEDULED', 'Visita agendada na loja.', CURRENT_TIMESTAMP - INTERVAL '3' HOUR),
    ('00000000-0000-0000-0000-000000000809', '00000000-0000-0000-0000-000000000507', '00000000-0000-0000-0000-000000000012', 'VISIT_SCHEDULED', 'PROPOSAL_SENT', 'Proposta enviada ao cliente.', CURRENT_TIMESTAMP - INTERVAL '1' DAY),
    ('00000000-0000-0000-0000-000000000810', '00000000-0000-0000-0000-000000000508', '00000000-0000-0000-0000-000000000011', 'PROPOSAL_SENT', 'SOLD', 'Venda concluida.', CURRENT_TIMESTAMP - INTERVAL '1' DAY),
    ('00000000-0000-0000-0000-000000000811', '00000000-0000-0000-0000-000000000509', '00000000-0000-0000-0000-000000000013', 'IN_NEGOTIATION', 'LOST', 'Cliente comprou em outra loja.', CURRENT_TIMESTAMP - INTERVAL '2' DAY),
    ('00000000-0000-0000-0000-000000000812', '00000000-0000-0000-0000-000000000510', NULL, NULL, 'DUPLICATED', 'Lead marcado como duplicado pelo telefone.', CURRENT_TIMESTAMP - INTERVAL '1' HOUR);

INSERT INTO lead_notes (id, lead_id, user_id, note, created_at, updated_at)
VALUES
    ('00000000-0000-0000-0000-000000000901', '00000000-0000-0000-0000-000000000505', '00000000-0000-0000-0000-000000000011', 'Cliente quer usar veiculo atual como entrada.', CURRENT_TIMESTAMP - INTERVAL '2' HOUR, CURRENT_TIMESTAMP - INTERVAL '2' HOUR),
    ('00000000-0000-0000-0000-000000000902', '00000000-0000-0000-0000-000000000507', '00000000-0000-0000-0000-000000000012', 'Aguardando retorno da financeira.', CURRENT_TIMESTAMP - INTERVAL '1' DAY, CURRENT_TIMESTAMP - INTERVAL '1' DAY),
    ('00000000-0000-0000-0000-000000000903', '00000000-0000-0000-0000-000000000508', '00000000-0000-0000-0000-000000000011', 'Cliente retirou o veiculo com documentacao aprovada.', CURRENT_TIMESTAMP - INTERVAL '1' DAY, CURRENT_TIMESTAMP - INTERVAL '1' DAY);

INSERT INTO lead_tag_definitions (id, name, type, active, created_at, updated_at)
VALUES
    ('00000000-0000-0000-0000-000000001501', 'quente', 'TEMPERATURE', TRUE, CURRENT_TIMESTAMP, CURRENT_TIMESTAMP),
    ('00000000-0000-0000-0000-000000001502', 'troca', 'NEGOTIATION', TRUE, CURRENT_TIMESTAMP, CURRENT_TIMESTAMP),
    ('00000000-0000-0000-0000-000000001503', 'financiamento', 'FINANCING', TRUE, CURRENT_TIMESTAMP, CURRENT_TIMESTAMP),
    ('00000000-0000-0000-0000-000000001504', 'perdido', 'OUTCOME', TRUE, CURRENT_TIMESTAMP, CURRENT_TIMESTAMP),
    ('00000000-0000-0000-0000-000000001505', 'duplicado', 'STATUS', TRUE, CURRENT_TIMESTAMP, CURRENT_TIMESTAMP);

INSERT INTO lead_tags (id, lead_id, name, tag_id, type)
VALUES
    ('00000000-0000-0000-0000-000000001001', '00000000-0000-0000-0000-000000000503', 'quente', '00000000-0000-0000-0000-000000001501', 'TEMPERATURE'),
    ('00000000-0000-0000-0000-000000001002', '00000000-0000-0000-0000-000000000505', 'troca', '00000000-0000-0000-0000-000000001502', 'NEGOTIATION'),
    ('00000000-0000-0000-0000-000000001003', '00000000-0000-0000-0000-000000000507', 'financiamento', '00000000-0000-0000-0000-000000001503', 'FINANCING'),
    ('00000000-0000-0000-0000-000000001004', '00000000-0000-0000-0000-000000000509', 'perdido', '00000000-0000-0000-0000-000000001504', 'OUTCOME'),
    ('00000000-0000-0000-0000-000000001005', '00000000-0000-0000-0000-000000000510', 'duplicado', '00000000-0000-0000-0000-000000001505', 'STATUS');

INSERT INTO lead_communications (id, lead_id, user_id, channel, template_id, message, created_at)
VALUES
    ('00000000-0000-0000-0000-000000001101', '00000000-0000-0000-0000-000000000504', '00000000-0000-0000-0000-000000000012', 'WHATSAPP_LINK', '00000000-0000-0000-0000-000000000301', 'Ola Carlos Henrique, tudo bem? Aqui e Bruno Lima da EAI Motors. Recebemos seu interesse no Chevrolet Onix Premier 2023. Posso te ajudar com mais detalhes?', CURRENT_TIMESTAMP - INTERVAL '4' HOUR),
    ('00000000-0000-0000-0000-000000001102', '00000000-0000-0000-0000-000000000505', '00000000-0000-0000-0000-000000000011', 'WHATSAPP_LINK', '00000000-0000-0000-0000-000000000302', 'Ola Fernanda Lima, passando para saber se ficou alguma duvida sobre o Hyundai HB20 Comfort 2022 e se podemos avancar na proposta.', CURRENT_TIMESTAMP - INTERVAL '2' HOUR),
    ('00000000-0000-0000-0000-000000001103', '00000000-0000-0000-0000-000000000506', '00000000-0000-0000-0000-000000000013', 'WHATSAPP_LINK', '00000000-0000-0000-0000-000000000303', 'Ola Paulo Martins, podemos reservar um horario para voce conhecer o Fiat Toro Volcano 2021 em nossa loja?', CURRENT_TIMESTAMP - INTERVAL '3' HOUR);

INSERT INTO follow_up_tasks (id, lead_id, user_id, title, description, due_at, completed_at, status, created_at, updated_at)
VALUES
    ('00000000-0000-0000-0000-000000001201', '00000000-0000-0000-0000-000000000503', '00000000-0000-0000-0000-000000000011', 'Enviar simulacao', 'Enviar primeira simulacao de financiamento para Bianca.', CURRENT_TIMESTAMP + INTERVAL '1' DAY, NULL, 'PENDING', CURRENT_TIMESTAMP - INTERVAL '2' HOUR, CURRENT_TIMESTAMP - INTERVAL '2' HOUR),
    ('00000000-0000-0000-0000-000000001202', '00000000-0000-0000-0000-000000000505', '00000000-0000-0000-0000-000000000011', 'Retomar negociacao', 'Confirmar avaliacao do veiculo de entrada.', CURRENT_TIMESTAMP + INTERVAL '4' HOUR, NULL, 'PENDING', CURRENT_TIMESTAMP - INTERVAL '1' DAY, CURRENT_TIMESTAMP - INTERVAL '2' HOUR),
    ('00000000-0000-0000-0000-000000001203', '00000000-0000-0000-0000-000000000507', '00000000-0000-0000-0000-000000000012', 'Cobrar retorno', 'Cliente ainda nao respondeu a proposta enviada.', CURRENT_TIMESTAMP - INTERVAL '1' DAY, NULL, 'OVERDUE', CURRENT_TIMESTAMP - INTERVAL '3' DAY, CURRENT_TIMESTAMP - INTERVAL '1' DAY),
    ('00000000-0000-0000-0000-000000001204', '00000000-0000-0000-0000-000000000508', '00000000-0000-0000-0000-000000000011', 'Confirmar entrega', 'Confirmar retirada do veiculo vendido.', CURRENT_TIMESTAMP - INTERVAL '2' DAY, CURRENT_TIMESTAMP - INTERVAL '1' DAY, 'DONE', CURRENT_TIMESTAMP - INTERVAL '6' DAY, CURRENT_TIMESTAMP - INTERVAL '1' DAY),
    ('00000000-0000-0000-0000-000000001205', '00000000-0000-0000-0000-000000000509', '00000000-0000-0000-0000-000000000013', 'Reativar oportunidade', 'Tarefa cancelada porque o lead foi perdido.', CURRENT_TIMESTAMP - INTERVAL '1' DAY, NULL, 'CANCELED', CURRENT_TIMESTAMP - INTERVAL '5' DAY, CURRENT_TIMESTAMP - INTERVAL '2' DAY);
